{
	"wendang": {
		"prefix": "wend",
		"body": "\\begin{document}\n\t${0:${TM_SELECTED_TEXT}}\n\n\n\n\n\n\n\n\\end{document}",
		"description": "fenla wendang"
	},
	"fangchengzu": {
		"prefix": "fcz",
		"body": "\\begin{fcz}\n\t${0:${TM_SELECTED_TEXT}}\n\\end{fcz}",
		"description": "fenla fangchengzu"
	},
	"shubiao": {
		"prefix": "shub",
		"body": "\\begin{shub}\n\t${0:${TM_SELECTED_TEXT}}\n\\end{shub}",
		"description": "fenla shubiao"
	},
	"dati": {
		"prefix": "dati",
		"body": "\\begin{dati}{${0:${TM_SELECTED_TEXT}}}\n\t\n\\end{dati}",
		"description": "fenla dati"
	},
	"jiashe": {
		"prefix": "jiashe",
		"body": "\\begin{jiashe}{}{}\n\t${0:${TM_SELECTED_TEXT}}\n\\end{jiashe}",
		"description": "fenla jiashe"
	},
	"xingzhi": {
		"prefix": "xingz",
		"body": "\\begin{xingz}{}{}\n\t${0:${TM_SELECTED_TEXT}}\n\\end{xingz}",
		"description": "fenla xingzhi"
	},
	"mingti": {
		"prefix": "mingt",
		"body": "\\begin{mingt}{}{}\n\t${0:${TM_SELECTED_TEXT}}\n\\end{mingt}",
		"description": "fenla mingti"
	},
	"yinli": {
		"prefix": "yinli",
		"body": "\\begin{yinli}{}{}\n\t${0:${TM_SELECTED_TEXT}}\n\\end{yinli}",
		"description": "fenla yinli"
	},
	"dingyi": {
		"prefix": "dingyi",
		"body": "\\begin{dingyi}{${0:${TM_SELECTED_TEXT}}}{}\n\t\n\\end{dingyi}",
		"description": "fenla dingyi"
	},
	"dingli": {
		"prefix": "dingli",
		"body": "\\begin{dingli}{${0:${TM_SELECTED_TEXT}}}{}\n\t\n\\end{dingli}",
		"description": "fenla dingli"
	},
	"tuilun": {
		"prefix": "tuilun",
		"body": "\\begin{tuilun}{${0:${TM_SELECTED_TEXT}}}{}\n\t\n\\end{tuilun}",
		"description": "fenla tuilun"
	},
	"lizi": {
		"prefix": "lizi",
		"body": "\\begin{lizi}{}{}\n\t${0:${TM_SELECTED_TEXT}}\n\\end{lizi}",
		"description": "fenla lizi"
	},
	"zhushi": {
		"prefix": "zhushi",
		"body": "\\begin{zhushi}{}{}\n\t${0:${TM_SELECTED_TEXT}}\n\\end{zhushi}",
		"description": "fenla zhushi"
	},
	"zhengming": {
		"prefix": "zhengm",
		"body": "\\begin{zhengm}{}{}\n\t${0:${TM_SELECTED_TEXT}}\n\\end{zhengm}",
		"description": "fenla zhengming"
	},
	"fenshu": {
		"prefix": "FEN",
		"body": "\\fen{${0:${TM_SELECTED_TEXT}}}{}",
		"description": "fenla fenshu"
	},
	"pptye": {
		"prefix": "ye",
		"body": "\\begin{ye}\n\t${0:${TM_SELECTED_TEXT}}\n\\end{ye}",
		"description": "fenla ppt ye"
	},
	"zhongdianbi": {
		"prefix": "ZD",
		"body": "\\zd{${0:${TM_SELECTED_TEXT}}}",
		"description": "fenla zhongdianbi"
	},
	"dierzhongdianbi": {
		"prefix": "ZDZD",
		"body": "\\zdzd{${0:${TM_SELECTED_TEXT}}}",
		"description": "fenla dierzhongdianbi"
	},
	"qiangdiaobi": {
		"prefix": "QD",
		"body": "\\qd{${0:${TM_SELECTED_TEXT}}}",
		"description": "fenla qiangdiaobi"
	},
	"zhushibi": {
		"prefix": "ZHU",
		"body": "\\zhu{${0:${TM_SELECTED_TEXT}}}",
		"description": "fenla zhushibi"
	},
	"juzhen": {
		"prefix": "JZ",
		"body": "\\begin{jz}\n\t${0:${TM_SELECTED_TEXT}}&\\\\\n\\end{jz}",
		"description": "fenla juzhen"
	},
	"hanglieshi": {
		"prefix": "HLS",
		"body": "\\begin{hls}\n\t${0:${TM_SELECTED_TEXT}}&\\\\\n\\end{hls}",
		"description": "fenla hanglieshi"
	},
	"wuxuliebiao": {
		"prefix": "WXLB",
		"body": "\\begin{wxlb}\n\t\\item ${0:${TM_SELECTED_TEXT}}\n\\end{wxlb}",
		"description": "fenla wuxuliebiao"
	},
	"youxuliebiao": {
		"prefix": "YXLB",
		"body": "\\begin{yxlb}\n\t\\item ${0:${TM_SELECTED_TEXT}}\n\\end{yxlb}",
		"description": "fenla youxuliebiao"
	},
	"tupian": {
		"prefix": "TUPIAN",
		"body": "\\begin{tupian}[${1:H}]\n\t\\centering\n\t${0:${TM_SELECTED_TEXT}}\n\t\\caption{${2:<caption>}}\n\t\\label{${3:<label>}}\n\\end{tupian}",
		"description": "fenla tupian"
	},
	"hangjian": {
		"prefix": "HJ",
		"body": "\\begin{hj}\n\t${0:${TM_SELECTED_TEXT}}\n\\end{hj}",
		"description": "fenla hangjian"
	},
	"hangjianxing": {
		"prefix": "HJ*",
		"body": "\\begin{hj*}\n\t${0:${TM_SELECTED_TEXT}}\n\\end{hj*}",
		"description": "fenla hangjian xing"
	}
}